{
    "r2_score": 0.24200923370169936,
    "mean_squared_error": 0.7788635046639544
}